Date,Start Time,End Time,Service,Booked,Max Capacity
2025-12-17,06:30 AM,07:00 AM,Contrast Experience (30 min),0,8
2025-12-17,07:00 AM,07:30 AM,Contrast Experience (30 min),1,8
2025-12-17,07:30 AM,08:00 AM,Contrast Experience (30 min),2,8
2025-12-17,08:00 AM,08:30 AM,Contrast Experience (30 min),2,8
2025-12-17,08:30 AM,09:00 AM,Contrast Experience (30 min),0,8
2025-12-17,09:00 AM,09:30 AM,Contrast Experience (30 min),0,8
2025-12-17,09:00 AM,10:00 AM,Contrast Experience (60 min),1,8
2025-12-17,09:30 AM,10:00 AM,Contrast Experience (30 min),0,8
2025-12-17,09:30 AM,10:30 AM,Contrast Experience (60 min),0,8
2025-12-17,10:00 AM,10:30 AM,Contrast Experience (30 min),0,8
2025-12-17,10:00 AM,11:00 AM,Contrast Experience (60 min),0,8
2025-12-17,10:30 AM,11:00 AM,Contrast Experience (30 min),0,8
2025-12-17,10:30 AM,11:30 AM,Contrast Experience (60 min),1,8
2025-12-17,11:00 AM,11:30 AM,Contrast Experience (30 min),0,8
2025-12-17,11:00 AM,12:00 PM,Contrast Experience (60 min),8,8
2025-12-17,11:30 AM,12:30 PM,Contrast Experience (60 min),2,8
2025-12-17,11:30 AM,12:00 PM,Contrast Experience (30 min),0,8
2025-12-17,12:00 PM,12:30 PM,Contrast Experience (30 min),0,8
2025-12-17,12:00 PM,01:00 PM,Contrast Experience (60 min),1,8
2025-12-17,12:30 PM,01:00 PM,Contrast Experience (30 min),0,8
2025-12-17,12:30 PM,01:30 PM,Contrast Experience (60 min),0,8
2025-12-17,01:00 PM,02:00 PM,Contrast Experience (60 min),0,8
2025-12-17,01:00 PM,01:30 PM,Contrast Experience (30 min),0,8
2025-12-17,01:30 PM,02:00 PM,Contrast Experience (30 min),0,8
2025-12-17,01:30 PM,02:30 PM,Contrast Experience (60 min),2,8
2025-12-17,02:00 PM,02:30 PM,Contrast Experience (30 min),0,8
2025-12-17,02:00 PM,03:00 PM,Contrast Experience (60 min),0,8
2025-12-17,02:30 PM,03:30 PM,Contrast Experience (60 min),0,8
2025-12-17,02:30 PM,03:00 PM,Contrast Experience (30 min),0,8
2025-12-17,03:00 PM,04:00 PM,Contrast Experience (60 min),0,8
2025-12-17,03:00 PM,03:30 PM,Contrast Experience (30 min),0,8
2025-12-17,03:30 PM,04:30 PM,Contrast Experience (60 min),0,8
2025-12-17,03:30 PM,04:00 PM,Contrast Experience (30 min),0,8
2025-12-17,04:00 PM,05:00 PM,Contrast Experience (60 min),1,8
2025-12-17,04:00 PM,04:30 PM,Contrast Experience (30 min),0,8
2025-12-17,04:30 PM,05:00 PM,Contrast Experience (30 min),0,8
2025-12-17,05:00 PM,05:30 PM,Contrast Experience (30 min),0,8
2025-12-17,05:30 PM,06:00 PM,Contrast Experience (30 min),0,8
2025-12-17,06:00 PM,06:30 PM,Contrast Experience (30 min),1,8
2025-12-17,06:30 PM,07:00 PM,Contrast Experience (30 min),6,8
2025-12-17,07:00 PM,07:30 PM,Contrast Experience (30 min),3,8
2025-12-17,07:30 PM,08:00 PM,Contrast Experience (30 min),1,8
